{"name":"3dcfc4d4-ddc5-4ee0-a2be-c0e9545aae45","id":"/providers/Microsoft.Flow/flows/3dcfc4d4-ddc5-4ee0-a2be-c0e9545aae45","type":"Microsoft.Flow/flows","properties":{"apiId":"/providers/Microsoft.PowerApps/apis/shared_logicflows","displayName":"ihana","definition":{"metadata":{"workflowEntityId":null,"processAdvisorMetadata":null,"flowChargedByPaygo":null,"flowclientsuspensionreason":"None","flowclientsuspensiontime":null,"flowclientsuspensionreasondetails":null,"creator":{"id":"2f816d26-313c-4a71-80ae-849cf2fbfd9b","type":"User","tenantId":"3223964c-6e1f-48ba-b705-423351281a8c"},"provisioningMethod":"FromDefinition","failureAlertSubscription":true,"clientLastModifiedTime":"2023-09-14T22:44:04.3462461Z"},"$schema":"https://schema.management.azure.com/providers/Microsoft.Logic/schemas/2016-06-01/workflowdefinition.json#","contentVersion":"1.0.0.0","parameters":{"$connections":{"defaultValue":{},"type":"Object"},"$authentication":{"defaultValue":{},"type":"SecureObject"}},"triggers":{"manual":{"metadata":{"operationMetadataId":"31aac427-46a9-4b50-83f4-7589252b53b7"},"type":"Request","kind":"Button","inputs":{"schema":{"type":"object","properties":{},"required":[]}}}},"actions":{"Get_items":{"runAfter":{"Initialize_variable_5":["Succeeded"]},"metadata":{"operationMetadataId":"2ab25bae-e883-4afd-a409-0bf61c698236"},"type":"OpenApiConnection","inputs":{"host":{"apiId":"/providers/Microsoft.PowerApps/apis/shared_sharepointonline","connectionName":"shared_sharepointonline","operationId":"GetItems"},"parameters":{"dataset":"https://confederacaosicredi.sharepoint.com/teams/Testes497","table":"27a6f54b-99af-4231-aa9b-084a41e3f8e2"},"authentication":{"value":"@json(decodeBase64(triggerOutputs().headers['X-MS-APIM-Tokens']))['$ConnectionKey']","type":"Raw"}}},"Apply_to_each":{"foreach":"@outputs('Get_items')?['body/value']","actions":{"Parse_JSON":{"runAfter":{},"metadata":{"operationMetadataId":"2bf0574b-f4f2-4e42-9f36-ab383b0fd05a"},"type":"ParseJson","inputs":{"content":"@items('Apply_to_each')?['Speakers']","schema":{"type":"array","items":{"type":"object","properties":{"@@odata.type":{"type":"string"},"Claims":{"type":"string"},"DisplayName":{"type":"string"},"Email":{"type":"string"},"Picture":{"type":"string"},"Department":{"type":"string"},"JobTitle":{"type":"string"}},"required":["@@odata.type","Claims","DisplayName","Email","Picture","Department","JobTitle"]}}}},"Apply_to_each_2":{"foreach":"@body('Parse_JSON')","actions":{"Compose_2":{"runAfter":{},"metadata":{"operationMetadataId":"4054e372-9ad8-4173-a3ee-7beb91521ccf"},"type":"Compose","inputs":"@items('Apply_to_each_2')['Email']"},"Send_an_email_(V2)":{"runAfter":{"Compose_2":["Succeeded"]},"metadata":{"operationMetadataId":"02df6dcc-79c7-47cb-a4e2-d148f8eedfd9"},"type":"OpenApiConnection","inputs":{"host":{"apiId":"/providers/Microsoft.PowerApps/apis/shared_office365","connectionName":"shared_office365","operationId":"SendEmailV2"},"parameters":{"emailMessage/To":"@items('Apply_to_each_2')['Email']","emailMessage/Subject":"@items('Apply_to_each')?['Title']","emailMessage/Body":"<p>@{items('Apply_to_each')?['Description']}<br>\n</p>","emailMessage/Importance":"Normal"},"authentication":{"value":"@json(decodeBase64(triggerOutputs().headers['X-MS-APIM-Tokens']))['$ConnectionKey']","type":"Raw"}}}},"runAfter":{"Parse_JSON":["Succeeded"]},"metadata":{"operationMetadataId":"bcd86377-16a4-4f80-9beb-d03c980df656"},"type":"Foreach"}},"runAfter":{"Dias_uteis":["Succeeded"]},"metadata":{"operationMetadataId":"4e1e2408-fa71-4b87-a319-cc01e917728b"},"type":"Foreach"},"Apply_to_each_3":{"foreach":"@outputs('Get_items')?['body/value']","actions":{"Compose":{"runAfter":{},"metadata":{"operationMetadataId":"953bbffa-8469-4827-82c4-6709fa4f083b"},"type":"Compose","inputs":"@items('Apply_to_each_3')?['Speakers'][0]?['Email']"}},"runAfter":{"Apply_to_each":["Succeeded"]},"metadata":{"operationMetadataId":"2edb3eaa-f5cb-42d2-9325-1a4bd66a6410"},"type":"Foreach"},"Apply_to_each_4":{"foreach":"@outputs('Get_items')?['body/value']","actions":{},"runAfter":{"Apply_to_each_3":["Succeeded"]},"metadata":{"operationMetadataId":"e5a06a33-f899-4d74-ba51-b150ea343014"},"type":"Foreach"},"Initialize_variable":{"runAfter":{},"metadata":{"operationMetadataId":"019d0dc2-bb6d-42a5-988a-9e08e2bee213"},"type":"InitializeVariable","inputs":{"variables":[{"name":"diacorridos","type":"integer","value":0}]}},"Dias_uteis":{"actions":{"Apply_to_each_5":{"foreach":"@outputs('Get_items')?['body/value']","actions":{"Set_variable":{"runAfter":{},"metadata":{"operationMetadataId":"00dbd52b-8670-4467-92bf-a7292c4decdb"},"type":"SetVariable","inputs":{"name":"dia_reuniao","value":"@items('Apply_to_each_5')?['StartDateAndTime']"}},"Do_until":{"actions":{"Compose_4":{"runAfter":{},"metadata":{"operationMetadataId":"b8607363-8abb-4ae2-a20d-91a465cd9f1c"},"type":"Compose","inputs":"@addDays(variables('somadia'),1,'yyyy-MM-dd')"},"Condition":{"actions":{"Increment_variable":{"runAfter":{},"metadata":{"operationMetadataId":"a2534012-47da-47de-9206-ffa6e0358604"},"type":"IncrementVariable","inputs":{"name":"diasuteis","value":1}},"Set_variable_2":{"runAfter":{"Increment_variable":["Succeeded"]},"metadata":{"operationMetadataId":"de447370-f52d-4d6c-95fd-a618eeed8c34"},"type":"SetVariable","inputs":{"name":"somadia","value":"@{outputs('Compose_4')}"}}},"runAfter":{"Compose_4":["Succeeded"]},"else":{"actions":{"Set_variable_3":{"runAfter":{},"metadata":{"operationMetadataId":"6ad2e686-f8ce-416d-a029-1c500d822158"},"type":"SetVariable","inputs":{"name":"somadia","value":"@{outputs('Compose_4')}"}}}},"expression":{"and":[{"not":{"equals":["@dayOfWeek(variables('somadia'))",0]}},{"not":{"equals":["@dayOfWeek(variables('somadia'))",6]}}]},"metadata":{"operationMetadataId":"957e3f9c-3d91-4965-9f7c-b7a13c73c26b"},"type":"If"},"Increment_variable_2":{"runAfter":{"Compose_4":["Succeeded"]},"metadata":{"operationMetadataId":"24952d2a-9fe6-475d-b1a9-cf8a7b8e5ee0"},"type":"IncrementVariable","inputs":{"name":"diacorridos","value":1}}},"runAfter":{"Set_variable":["Succeeded"]},"expression":"@equals(variables('dia_reuniao'), variables('somadia'))","limit":{"count":20,"timeout":"PT1H"},"metadata":{"operationMetadataId":"b38205ca-c847-455e-babf-e9566df7aa0f"},"type":"Until"}},"runAfter":{},"metadata":{"operationMetadataId":"2649ce14-fce1-4312-b369-37d554a0aac0"},"type":"Foreach"}},"runAfter":{"Compose_5":["Succeeded"]},"metadata":{"operationMetadataId":"579df3b5-08aa-4fe3-b3a9-abfa24fddc5f"},"type":"Scope"},"Initialize_variable_2":{"runAfter":{"Get_items":["Succeeded"]},"metadata":{"operationMetadataId":"dfd7a719-fa4c-4c84-b31c-f6172d689eff"},"type":"InitializeVariable","inputs":{"variables":[{"name":"hoje","type":"string","value":"@{formatDateTime(utcNow(),'yyyy-MM-dd')}"}]}},"Initialize_variable_3":{"runAfter":{"Initialize_variable_2":["Succeeded"]},"metadata":{"operationMetadataId":"cf8bf79a-79f5-4c65-96ce-acebee6e344a"},"type":"InitializeVariable","inputs":{"variables":[{"name":"dia_reuniao","type":"string"}]}},"Initialize_variable_4":{"runAfter":{"Initialize_variable":["Succeeded"]},"metadata":{"operationMetadataId":"49c75e78-d974-48d6-bf22-6832d903848f"},"type":"InitializeVariable","inputs":{"variables":[{"name":"diasuteis","type":"integer","value":0}]}},"Initialize_variable_5":{"runAfter":{"Initialize_variable_4":["Succeeded"]},"metadata":{"operationMetadataId":"3a24c4c9-cb93-4529-a491-57c29576ca5c"},"type":"InitializeVariable","inputs":{"variables":[{"name":"somadia","type":"string","value":"@{formatDateTime(utcNow(),'yyyy-MM-dd')}"}]}},"Compose_5":{"runAfter":{"Initialize_variable_3":["Succeeded"]},"metadata":{"operationMetadataId":"a646488b-146a-4e22-8dc9-3de2cd2d82f8"},"type":"Compose","inputs":"@addDays(variables('somadia'),1,'yyyy-MM-dd')"}},"outputs":{}},"connectionReferences":{"shared_sharepointonline":{"connectionName":"d32269d7cd134337bac94754a7e116d0","source":"Invoker","id":"/providers/Microsoft.PowerApps/apis/shared_sharepointonline","tier":"NotSpecified"},"shared_office365":{"connectionName":"shared-office365-4ef1c0f8-4c9c-4a04-b7d1-5537727a2f4e","source":"Invoker","id":"/providers/Microsoft.PowerApps/apis/shared_office365","tier":"NotSpecified"}},"flowFailureAlertSubscribed":false,"isManaged":false}}